Model,Macro_F1
A_Internal,0.8792021657054387
B_Internal_External,0.8616202907242854
C_Internal_External_Interaction,0.9440624741536401
D_Full,0.9542329333984328
