Model,Macro_F1
A_Internal,0.8792021657054387
B_Internal_External,0.8572445043628056
C_Internal_External_Interaction,0.9383836206896552
D_Full,0.9523969419045109
