Model,Macro_F1
A_Internal,0.8792021657054387
B_Internal_External,0.8736533089221736
C_Internal_External_Interaction,0.9371600013187827
D_Full,0.9637038306577763
