Model,Macro_F1
A_Internal,0.8792021657054387
B_Internal_External,0.8337291240585835
C_Internal_External_Interaction,0.9383836206896552
D_Full,0.953333496559998
