Model,Macro_F1
A_Internal,0.8792021657054387
B_Internal_External,0.8647288436318754
C_Internal_External_Interaction,0.9429631624622198
D_Full,0.9486530172413794
